label,sentence
Account balance,Account summary
Account balance,I want to see Account summary
Account balance,I want to find Account summary
Account balance,what’s my Account summary
Account balance,what is my Account summary
Account balance,get Account summary
Account balance,please get Account summary
Account balance,tell me my Account summary
Account balance,show me Account summary
Account balance,display Account summary
Account balance,what’s my Account summary
Account balance,please get Account summary
Account balance,get Account summary
Account balance,balance for all accounts
Account balance,I want to see balance for all accounts
Account balance,I want to find balance for all accounts
Account balance,what’s my balance for all accounts
Account balance,what is my balance for all accounts
Account balance,get balance for all accounts
Account balance,please get balance for all accounts
Account balance,tell me my balance for all accounts
Account balance,show me balance for all accounts
Account balance,display balance for all accounts
Account balance,what’s my balance for all accounts
Account balance,please get balance for all accounts
Account balance,get balance for all accounts
Account balance,acc sum
Account balance,I want to see acc sum
Account balance,I want to find acc sum
Account balance,what’s my acc sum
Account balance,what is my acc sum
Account balance,get acc sum
Account balance,please get acc sum
Account balance,tell me my acc sum
Account balance,show me acc sum
Account balance,display acc sum
Account balance,what’s my acc sum
Account balance,please get acc sum
Account balance,get acc sum
Account balance,acc summary
Account balance,I want to see acc summary
Account balance,I want to find acc summary
Account balance,what’s my acc summary
Account balance,what is my acc summary
Account balance,get acc summary
Account balance,please get acc summary
Account balance,tell me my acc summary
Account balance,show me acc summary
Account balance,display acc summary
Account balance,what’s my acc summary
Account balance,please get acc summary
Account balance,get acc summary
Account balance,account sum
Account balance,I want to see account sum
Account balance,I want to find account sum
Account balance,what’s my account sum
Account balance,what is my account sum
Account balance,get account sum
Account balance,please get account sum
Account balance,tell me my account sum
Account balance,show me account sum
Account balance,display account sum
Account balance,what’s my account sum
Account balance,please get account sum
Account balance,get account sum
Account balance,short statement
Account balance,I want to see short statement
Account balance,I want to find short statement
Account balance,what’s my short statement
Account balance,what is my short statement
Account balance,get short statement
Account balance,please get short statement
Account balance,show me short statement
Account balance,display short statement
Account balance,what’s my short statement
Account balance,please get short statement
Account balance,get short statement
Account balance,summary of accounts
Account balance,I want to see summary of accounts
Account balance,I want to find summary of accounts
Account balance,what’s my summary of accounts
Account balance,what is my summary of accounts
Account balance,get summary of accounts
Account balance,please get summary of accounts
Account balance,tell me my summary of accounts
Account balance,show me summary of accounts
Account balance,display summary of accounts
Account balance,what’s my summary of accounts
Account balance,please get summary of accounts
Account balance,get summary of accounts
Account balance,summary of balances
Account balance,I want to see summary of balances
Account balance,I want to find summary of balances
Account balance,what’s my summary of balances
Account balance,what is my summary of balances
Account balance,get summary of balances
Account balance,please get summary of balances
Account balance,tell me my summary of balances
Account balance,show me summary of balances
Account balance,display summary of balances
Account balance,what’s my summary of balances
Account balance,please get summary of balances
Account balance,get summary of balances
Account balance,account overview
Account balance,I want to see account overview
Account balance,I want to find account overview
Account balance,what’s my account overview
Account balance,what is my account overview
Account balance,get account overview
Account balance,please get account overview
Account balance,tell me my account overview
Account balance,show me account overview
Account balance,display account overview
Account balance,what’s my account overview
Account balance,please get account overview
Account balance,get account overview
Account balance,account balance
Account balance,I want to see account balance
Account balance,I want to find account balance
Account balance,what’s my account balance
Account balance,what is my account balance
Account balance,get account balance
Account balance,please get account balance
Account balance,tell me my account balance
Account balance,show me account balance
Account balance,display account balance
Account balance,what’s my account balance
Account balance,please get account balance
Account balance,get account balance
Account balance,How much money do I have
Account balance,I want to see How much money do I have
Account balance,I want to find How much money do I have
Account balance,what’s my How much money do I have
Account balance,what is my How much money do I have
Account balance,get How much money do I have
Account balance,please get How much money do I have
Account balance,tell me my How much money do I have
Account balance,show me How much money do I have
Account balance,display How much money do I have
Account balance,what’s my How much money do I have
Account balance,please get How much money do I have
Account balance,get How much money do I have
Account balance,account balance
Account balance,I want to see account balance
Account balance,I want to find account balance
Account balance,what’s my account balance
Account balance,what is my account balance
Account balance,get account balance
Account balance,please get account balance
Account balance,tell me my account balance
Account balance,show me account balance
Account balance,display account balance
Account balance,what’s my account balance
Account balance,please get account balance
Account balance,get account balance
Account balance,Balance
Account balance,I want to see Balance
Account balance,I want to find Balance
Account balance,what’s my Balance
Account balance,what is my Balance
Account balance,get Balance
Account balance,please get Balance
Account balance,tell me my Balance
Account balance,show me Balance
Account balance,display Balance
Account balance,what’s my Balance
Account balance,please get Balance
Account balance,get Balance
Account balance,Balance for account [name]
Account balance,I want to see Balance for account [name]
Account balance,I want to find Balance for account [name]
Account balance,what’s my Balance for account [name]
Account balance,what is my Balance for account [name]
Account balance,get Balance for account [name]
Account balance,please get Balance for account [name]
Account balance,tell me my Balance for account [name]
Account balance,show me Balance for account [name]
Account balance,display Balance for account [name]
Account balance,what’s my Balance for account [name]
Account balance,please get Balance for account [name]
Account balance,get Balance for account [name]
Account balance,what funds do I have available
Account balance,I want to see what funds do I have available
Account balance,I want to find what funds do I have available
Account balance,what’s my what funds do I have available
Account balance,what is my what funds do I have available
Account balance,get what funds do I have available
Account balance,please get what funds do I have available
Account balance,tell me my what funds do I have available
Account balance,show me what funds do I have available
Account balance,display what funds do I have available
Account balance,what’s my what funds do I have available
Account balance,please get what funds do I have available
Account balance,get what funds do I have available
Account balance,money available
Account balance,I want to see money available
Account balance,I want to find money available
Account balance,what’s my money available
Account balance,what is my money available
Account balance,get money available
Account balance,please get money available
Account balance,tell me my money available
Account balance,show me money available
Account balance,display money available
Account balance,what’s my money available
Account balance,please get money available
Account balance,get money available
Account balance,how much can I spend
Account balance,I want to see how much can I spend
Account balance,I want to find how much can I spend
Account balance,what’s my how much can I spend
Account balance,what is my how much can I spend
Account balance,get how much can I spend
Account balance,please get how much can I spend
Account balance,tell me my how much can I spend
Account balance,show me how much can I spend
Account balance,display how much can I spend
Account balance,what’s my how much can I spend
Account balance,please get how much can I spend
Account balance,get how much can I spend
Account balance,what’s left in my account
Account balance,I want to see what’s left in my account
Account balance,I want to find what’s left in my account
Account balance,what’s my what’s left in my account
Account balance,what is my what’s left in my account
Account balance,get what’s left in my account
Account balance,please get what’s left in my account
Account balance,tell me what’s left in my account
Account balance,show me what’s left in my account
Account balance,display what’s left in my account
Account balance,what’s my what’s left in my account
Account balance,please get what’s left in my account
Account balance,get what’s left in my account
Account balance,what do I have left today
Account balance,I want to see what do I have left today
Account balance,I want to find what do I have left today
Account balance,what’s my what do I have left today
Account balance,what is my what do I have left today
Account balance,get what do I have left today
Account balance,please get what do I have left today
Account balance,tell me my what do I have left today
Account balance,show me what do I have left today
Account balance,display what do I have left today
Account balance,what do I have left today
Account balance,please get what I have left today
Account balance,get what I have left today
Transaction history,Transaction history
Transaction history,I want to see my Transaction history
Transaction history,what are my Transaction history
Transaction history,what were the Transaction history
Transaction history,Last [number] transactions
Transaction history,I want to see my Last [number] transactions
Transaction history,what are my Last [number] transactions
Transaction history,what were the Last [number] transactions
Transaction history,History of account
Transaction history,I want to see my History of account
Transaction history,what are my History of account
Transaction history,what were the History of account
Transaction history,account transactions
Transaction history,I want to see my account transactions
Transaction history,what are my account transactions
Transaction history,what were the account transactions
Transaction history,acc trx
Transaction history,I want to see my acc trx
Transaction history,what are my acc trx
Transaction history,what were the acc trx
Transaction history,acc Trans
Transaction history,I want to see my acc Trans
Transaction history,what are my acc Trans
Transaction history,what were the acc Trans
Transaction history,Account trx
Transaction history,I want to see my Account trx
Transaction history,what are my Account trx
Transaction history,what were the Account trx
Transaction history,recent transactions
Transaction history,I want to see my recent transactions
Transaction history,what are my recent transactions
Transaction history,what were the recent transactions
Transaction history,transaction summary
Transaction history,I want to see my transaction summary
Transaction history,what are my transaction summary
Transaction history,what were the transaction summary
Transaction history,why do I have so few money
Transaction history,I want to see my why do I have so few money
Transaction history,what are my why do I have so few money
Transaction history,what were the why do I have so few money
Add Payee,Add beneficiary
Add Payee,I want to Add beneficiary
Add Payee,I need to Add beneficiary
Add Payee,help me to Add beneficiary
Add Payee,can I Add beneficiary
Add Payee,Add a Add beneficiary
Add Payee,create a Add beneficiary
Add Payee,set up a Add beneficiary
Add Payee,setup a Add beneficiary
Add Payee,new beneficiary
Add Payee,I want to new beneficiary
Add Payee,I need to new beneficiary
Add Payee,help me to new beneficiary
Add Payee,can I new beneficiary
Add Payee,Add a new beneficiary
Add Payee,create a new beneficiary
Add Payee,set up a new beneficiary
Add Payee,setup a new beneficiary
Add Payee,create beneficiary
Add Payee,I want to create beneficiary
Add Payee,I need to create beneficiary
Add Payee,help me to create beneficiary
Add Payee,can I create beneficiary
Add Payee,Add a create beneficiary
Add Payee,create a beneficiary
Add Payee,set up a beneficiary
Add Payee,setup a beneficiary
Add Payee,add payee
Add Payee,I want to add payee
Add Payee,I need to add payee
Add Payee,help me to add payee
Add Payee,can I add payee
Add Payee,Add a add payee
Add Payee,create a payee
Add Payee,set up a payee
Add Payee,setup a payee
Add Payee,add new payee
Add Payee,I want to add new payee
Add Payee,I need to add new payee
Add Payee,help me to add new payee
Add Payee,can I add new payee
Add Payee,Add a new payee
Add Payee,create a new payee
Add Payee,set up a new payee
Add Payee,setup a new payee
Add Payee,create new payee
Add Payee,I want to create new payee
Add Payee,I need to create new payee
Add Payee,help me to create new payee
Add Payee,can I create new payee
Add Payee,Add a new payee
Add Payee,create a new payee
Add Payee,set up a new payee
Add Payee,setup a new payee
Add Payee,pay someone new
Add Payee,I want to pay someone new
Add Payee,I need to pay someone new
Add Payee,help me to pay someone new
Add Payee,can I pay someone new
Add Payee,Add a pay someone new
Add Payee,create a pay someone new
Add Payee,set up a pay someone new
Add Payee,setup a pay someone new
Delete Payee,Remove Beneficiary
Delete Payee,I want to Remove Beneficiary
Delete Payee,I need to Remove Beneficiary
Delete Payee,help me to Remove Beneficiary
Delete Payee,can I Remove Beneficiary
Delete Payee, Remove Beneficiary
Delete Payee,delete Beneficiary
Delete Payee,I want to delete Beneficiary
Delete Payee,I need to delete Beneficiary
Delete Payee,help me to delete Beneficiary
Delete Payee,can I delete Beneficiary
Delete Payee, delete Beneficiary
Delete Payee,erase Beneficiary
Delete Payee,I want to erase Beneficiary
Delete Payee,I need to erase Beneficiary
Delete Payee,help me to erase Beneficiary
Delete Payee,can I erase Beneficiary
Delete Payee,erase Beneficiary
Delete Payee,Remove payee
Delete Payee,I want to Remove payee
Delete Payee,I need to Remove payee
Delete Payee,help me to Remove payee
Delete Payee,can I Remove payee
Delete Payee,Remove payee
Delete Payee,delete payee
Delete Payee,I want to delete payee
Delete Payee,I need to delete payee
Delete Payee,help me to delete payee
Delete Payee,can I delete payee
Delete Payee,delete payee
Delete Payee,erase payee
Delete Payee,I want to erase payee
Delete Payee,I need to erase payee
Delete Payee,help me to erase payee
Delete Payee,can I erase payee
Delete Payee,erase payee
Bill Payment,Pay bill
Bill Payment,I want to Pay bill
Bill Payment,help me to Pay bill
Bill Payment,can I Pay bill
Bill Payment,can you Pay bill
Bill Payment,I need to Pay bill
Bill Payment,bill payment
Bill Payment,I want to bill payment
Bill Payment,help me to bill payment
Bill Payment,can I bill payment
Bill Payment,can you bill payment
Bill Payment,I need to bill payment
Bill Payment,pay [name]
Bill Payment,I want to pay [name]
Bill Payment,help me to pay [name]
Bill Payment,can I pay [name]
Bill Payment,can you pay [name]
Bill Payment,I need to pay [name]
Bill Payment,pay a bill
Bill Payment,I want to pay a bill
Bill Payment,help me to pay a bill
Bill Payment,can I pay a bill
Bill Payment,can you pay a bill
Bill Payment,I need to pay a bill
Bill Payment,pay my [name] bill
Bill Payment,I want to pay my [name] bill
Bill Payment,help me to pay my [name] bill
Bill Payment,can I pay my [name] bill
Bill Payment,can you pay my [name] bill
Bill Payment,I need to pay my [name] bill
Bill Payment,I want to bill
Bill Payment,help me to bill
Transfer own Account,Transfer between my accounts
Transfer own Account,I want to Transfer between my accounts
Transfer own Account,I need to Transfer between my accounts
Transfer own Account,help me to Transfer between my accounts
Transfer own Account,request Transfer between my accounts
Transfer own Account,can I Transfer between my accounts
Transfer own Account,I’d like to Transfer between my accounts
Transfer own Account,transfer from my [account] to my [account]
Transfer own Account,I want to transfer from my [account] to my [account]
Transfer own Account,I need to transfer from my [account] to my [account]
Transfer own Account,help me to transfer from my [account] to my [account]
Transfer own Account,request transfer from my [account] to my [account]
Transfer own Account,can I transfer from my [account] to my [account]
Transfer own Account,I’d like to transfer from my [account] to my [account]
Transfer own Account,move funds between my accounts
Transfer own Account,I want to move funds between my accounts
Transfer own Account,I need to move funds between my accounts
Transfer own Account,help me to move funds between my accounts
Transfer own Account,request move funds between my accounts
Transfer own Account,can I move funds between my accounts
Transfer own Account,I’d like to move funds between my accounts
Transfer own Account,move money between my accounts
Transfer own Account,I want to move money between my accounts
Transfer own Account,I need to move money between my accounts
Transfer own Account,help me to move money between my accounts
Transfer own Account,request move money between my accounts
Transfer own Account,can I move money between my accounts
Transfer own Account,I’d like to move money between my accounts
Transfer own Account,move from __ to __
Transfer own Account,I want to move from __ to __
Transfer own Account,I need to move from __ to __
Transfer own Account,help me to move from __ to __
Transfer own Account,request move from __ to __
Transfer own Account,can I move from __ to __
Transfer own Account,I’d like to move from __ to __
Transfer own Account,I want to transfer
Transfer own Account,I need to transfer
Transfer own Account,help me to transfer
Transfer own Account,request transfer
Transfer own Account,can I transfer
Transfer own Account,I’d like to transfer
Transfer own Account,make a transfer
Transfer own Account,I want to make a transfer
Transfer own Account,I need to make a transfer
Transfer own Account,help me to make a transfer
Transfer own Account,request make a transfer
Transfer own Account,can I make a transfer
Transfer own Account,I’d like to make a transfer
Transfer own Account,move money
Transfer own Account,I want to move money
Transfer own Account,I need to move money
Transfer own Account,help me to move money
Transfer own Account,request move money
Transfer own Account,can I move money
Transfer own Account,I’d like to move money
Transfer own Account,move my money
Transfer own Account,I want to move my money
Transfer own Account,I need to move my money
Transfer own Account,help me to move my money
Transfer own Account,request move my money
Transfer own Account,can I move my money
Transfer own Account,I’d like to move my money
Transfer own Account,transfer funds
Transfer own Account,I want to transfer funds
Transfer own Account,I need to transfer funds
Transfer own Account,help me to transfer funds
Transfer own Account,request transfer funds
Transfer own Account,can I transfer funds
Transfer own Account,I’d like to transfer funds
Transfer own Account,funds transfer
Transfer own Account,I want to funds transfer
Transfer own Account,I need to funds transfer
Transfer own Account,help me to funds transfer
Transfer own Account,request funds transfer
Transfer own Account,can I funds transfer
Transfer own Account,I’d like to funds transfer
Transfer own Account,money transfer
Transfer own Account,I want to money transfer
Transfer own Account,I need to money transfer
Transfer own Account,help me to money transfer
Transfer own Account,request money transfer
Transfer own Account,can I money transfer
Transfer own Account,I’d like to money transfer
Transfer own Account,transfer [amount] from my [account] to my [account]
Transfer own Account,I want to transfer [amount] from my [account] to my [account]
Transfer own Account,I need to transfer [amount] from my [account] to my [account]
Transfer own Account,help me to transfer [amount] from my [account] to my [account]
Transfer own Account,request transfer [amount] from my [account] to my [account]
Transfer own Account,can I transfer [amount] from my [account] to my [account]
Transfer own Account,I’d like to transfer [amount] from my [account] to my [account]
Transfer own Account,move some money
Transfer own Account,I want to move some money
Transfer own Account,I need to move some money
Transfer own Account,help me to move some money
Transfer own Account,request move some money
Transfer own Account,can I move some money
Transfer own Account,I’d like to move some money
Transfer own Account,move cash
Transfer own Account,I want to move cash
Transfer own Account,I need to move cash
Transfer own Account,help me to move cash
Transfer own Account,request move cash
Transfer own Account,can I move cash
Transfer own Account,I’d like to move cash
Transfer to 3rd party,Transfer to payee
Transfer to 3rd party,make Transfer to payee
Transfer to 3rd party,request Transfer to payee
Transfer to 3rd party,I want to Transfer to payee
Transfer to 3rd party,I need to Transfer to payee
Transfer to 3rd party,help me to Transfer to payee
Transfer to 3rd party,assist me with Transfer to payee
Transfer to 3rd party,can I Transfer to payee
Transfer to 3rd party,I’d like to Transfer to payee
Transfer to 3rd party,transfer money to payee
Transfer to 3rd party,make transfer money to payee
Transfer to 3rd party,request transfer money to payee
Transfer to 3rd party,I want to transfer money to payee
Transfer to 3rd party,I need to transfer money to payee
Transfer to 3rd party,help me to transfer money to payee
Transfer to 3rd party,assist me with transfer money to payee
Transfer to 3rd party,can I transfer money to payee
Transfer to 3rd party,I’d like to transfer money to payee
Transfer to 3rd party,transfer funds to payee
Transfer to 3rd party,make transfer funds to payee
Transfer to 3rd party,request transfer funds to payee
Transfer to 3rd party,I want to transfer funds to payee
Transfer to 3rd party,I need to transfer funds to payee
Transfer to 3rd party,help me to transfer funds to payee
Transfer to 3rd party,assist me with transfer funds to payee
Transfer to 3rd party,can I transfer funds to payee
Transfer to 3rd party,I’d like to transfer funds to payee
Transfer to 3rd party,transfer to another person
Transfer to 3rd party,make transfer to another person
Transfer to 3rd party,request transfer to another person
Transfer to 3rd party,I want to transfer to another person
Transfer to 3rd party,I need to transfer to another person
Transfer to 3rd party,help me to transfer to another person
Transfer to 3rd party,assist me with transfer to another person
Transfer to 3rd party,can I transfer to another person
Transfer to 3rd party,I’d like to transfer to another person
Transfer to 3rd party,transfer money to another person
Transfer to 3rd party,make transfer money to another person
Transfer to 3rd party,request transfer money to another person
Transfer to 3rd party,I want to transfer money to another person
Transfer to 3rd party,I need to transfer money to another person
Transfer to 3rd party,help me to transfer money to another person
Transfer to 3rd party,assist me with transfer money to another person
Transfer to 3rd party,can I transfer money to another person
Transfer to 3rd party,I’d like to transfer money to another person
Transfer to 3rd party,transfer funds to another person
Transfer to 3rd party,make transfer funds to another person
Transfer to 3rd party,request transfer funds to another person
Transfer to 3rd party,I want to transfer funds to another person
Transfer to 3rd party,I need to transfer funds to another person
Transfer to 3rd party,help me to transfer funds to another person
Transfer to 3rd party,assist me with transfer funds to another person
Transfer to 3rd party,can I transfer funds to another person
Transfer to 3rd party,I’d like to transfer funds to another person
Transfer to 3rd party,send money to payee
Transfer to 3rd party,make send money to payee
Transfer to 3rd party,request send money to payee
Transfer to 3rd party,I want to send money to payee
Transfer to 3rd party,I need to send money to payee
Transfer to 3rd party,help me to send money to payee
Transfer to 3rd party,assist me with send money to payee
Transfer to 3rd party,can I send money to payee
Transfer to 3rd party,I’d like to send money to payee
Transfer to 3rd party,send funds to another person
Transfer to 3rd party,make send funds to another person
Transfer to 3rd party,request send funds to another person
Transfer to 3rd party,I want to send funds to another person
Transfer to 3rd party,I need to send funds to another person
Transfer to 3rd party,help me to send funds to another person
Transfer to 3rd party,assist me with send funds to another person
Transfer to 3rd party,can I send funds to another person
Transfer to 3rd party,I’d like to send funds to another person
Transfer to 3rd party,send money
Transfer to 3rd party,make send money
Transfer to 3rd party,request send money
Transfer to 3rd party,I want to send money
Transfer to 3rd party,I need to send money
Transfer to 3rd party,help me to send money
Transfer to 3rd party,assist me with send money
Transfer to 3rd party,can I send money
Transfer to 3rd party,I’d like to send money
Transfer to 3rd party,send funds
Transfer to 3rd party,make send funds
Transfer to 3rd party,request send funds
Transfer to 3rd party,I want to send funds
Transfer to 3rd party,I need to send funds
Transfer to 3rd party,help me to send funds
Transfer to 3rd party,assist me with send funds
Transfer to 3rd party,can I send funds
Transfer to 3rd party,I’d like to send funds
Transfer to 3rd party,funds transfer
Transfer to 3rd party,make funds transfer
Transfer to 3rd party,request funds transfer
Transfer to 3rd party,I want to funds transfer
Transfer to 3rd party,I need to funds transfer
Transfer to 3rd party,help me to funds transfer
Transfer to 3rd party,assist me with funds transfer
Transfer to 3rd party,can I funds transfer
Transfer to 3rd party,I’d like to funds transfer
Transfer to 3rd party,make a payment to [name]
Transfer to 3rd party,make make a payment to [name]
Transfer to 3rd party,request make a payment to [name]
Transfer to 3rd party,I want to make a payment to [name]
Transfer to 3rd party,I need to make a payment to [name]
Transfer to 3rd party,help me to make a payment to [name]
Transfer to 3rd party,assist me with make a payment to [name]
Transfer to 3rd party,can I make a payment to [name]
Transfer to 3rd party,I’d like to make a payment to [name]
Transfer to 3rd party,pay [name]
Transfer to 3rd party,make pay [name]
Transfer to 3rd party,request pay [name]
Transfer to 3rd party,I want to pay [name]
Transfer to 3rd party,I need to pay [name]
Transfer to 3rd party,help me to pay [name]
Transfer to 3rd party,assist me with pay [name]
Transfer to 3rd party,can I pay [name]
Transfer to 3rd party,I’d like to pay [name]
Transfer to 3rd party,send money to [name]
Transfer to 3rd party,make send money to [name]
Transfer to 3rd party,request send money to [name]
Transfer to 3rd party,I want to send money to [name]
Transfer to 3rd party,I need to send money to [name]
Transfer to 3rd party,help me to send money to [name]
Transfer to 3rd party,assist me with send money to [name]
Transfer to 3rd party,can I send money to [name]
Transfer to 3rd party,I’d like to send money to [name]
Transfer to 3rd party,pay someone else
Transfer to 3rd party,make pay someone else
Transfer to 3rd party,request pay someone else
Transfer to 3rd party,I want to pay someone else
Transfer to 3rd party,I need to pay someone else
Transfer to 3rd party,help me to pay someone else
Transfer to 3rd party,assist me with pay someone else
Transfer to 3rd party,can I pay someone else
Transfer to 3rd party,I’d like to pay someone else
Transfer to 3rd party,transfer funds
Transfer to 3rd party,make transfer funds
Transfer to 3rd party,request transfer funds
Transfer to 3rd party,I want to transfer funds
Transfer to 3rd party,I need to transfer funds
Transfer to 3rd party,help me to transfer funds
Transfer to 3rd party,assist me with transfer funds
Transfer to 3rd party,can I transfer funds
Transfer to 3rd party,I’d like to transfer funds
Transfer to 3rd party,send a bank transfer
Transfer to 3rd party,make send a bank transfer
Transfer to 3rd party,request send a bank transfer
Transfer to 3rd party,I want to send a bank transfer
Transfer to 3rd party,I need to send a bank transfer
Transfer to 3rd party,help me to send a bank transfer
Transfer to 3rd party,assist me with send a bank transfer
Transfer to 3rd party,can I send a bank transfer
Transfer to 3rd party,I’d like to send a bank transfer
Transfer to 3rd party,create a bank transfer
Transfer to 3rd party,make create a bank transfer
Transfer to 3rd party,request create a bank transfer
Transfer to 3rd party,I want to create a bank transfer
Transfer to 3rd party,I need to create a bank transfer
Transfer to 3rd party,help me to create a bank transfer
Transfer to 3rd party,assist me with create a bank transfer
Transfer to 3rd party,can I create a bank transfer
Transfer to 3rd party,I’d like to create a bank transfer
Req to call back,Call me back
Req to call back,I want to Call me back
Req to call back,ask the bank to Call me back
Req to call back,I want the bank to Call me back
Req to call back,ask a bank clerk to Call me back
Req to call back,I need to Call me back
Req to call back,can I get a Call me back
Req to call back,can someone Call me back
Req to call back,can I Call me back
Req to call back,can you Call me back
Req to call back,call me
Req to call back,I want to call me
Req to call back,ask the bank to call me
Req to call back,I want the bank to call me
Req to call back,ask a bank clerk to call me
Req to call back,I need to call me
Req to call back,can I get a call me
Req to call back,can someone call me
Req to call back,can I call me
Req to call back,can you call me
Req to call back,contact me
Req to call back,I want to contact me
Req to call back,ask the bank to contact me
Req to call back,I want the bank to contact me
Req to call back,ask a bank clerk to contact me
Req to call back,I need to contact me
Req to call back,can I get a contact me
Req to call back,can someone contact me
Req to call back,can I contact me
Req to call back,can you contact me
Req to call back,get in touch with me
Req to call back,I want to get in touch with me
Req to call back,ask the bank to get in touch with me
Req to call back,I want the bank to get in touch with me
Req to call back,ask a bank clerk to get in touch with me
Req to call back,I need to get in touch with me
Req to call back,can I get a get in touch with me
Req to call back,can someone get in touch with me
Req to call back,can I get in touch with me
Req to call back,can you get in touch with me
Req to call back,phone me
Req to call back,I want to phone me
Req to call back,ask the bank to phone me
Req to call back,I want the bank to phone me
Req to call back,ask a bank clerk to phone me
Req to call back,I need to phone me
Req to call back,can I get a phone me
Req to call back,can someone phone me
Req to call back,can I phone me
Req to call back,can you phone me
Req to call back,give me a call
Req to call back,I want to give me a call
Req to call back,ask the bank to give me a call
Req to call back,I want the bank to give me a call
Req to call back,ask a bank clerk to give me a call
Req to call back,I need to give me a call
Req to call back,can I get a give me a call
Req to call back,can someone give me a call
Req to call back,can I give me a call
Req to call back,can you give me a call
Req to call back,call back callback
Req to call back,I want to call back callback
Req to call back,ask the bank to call back callback
Req to call back,I want the bank to call back callback
Req to call back,ask a bank clerk to call back callback
Req to call back,I need to call back callback
Req to call back,can I get a call back callback
Req to call back,can someone call back callback
Req to call back,can I call back callback
Req to call back,can you call back callback
Req for Human Agent,Speak with an agent
Req for Human Agent,I want to Speak with an agent
Req for Human Agent,I need to Speak with an agent
Req for Human Agent,I have to Speak with an agent
Req for Human Agent,I request to Speak with an agent
Req for Human Agent,can I Speak with an agent
Req for Human Agent,put me through Speak with an agent
Req for Human Agent,talk to an agent
Req for Human Agent,I want to talk to an agent
Req for Human Agent,I need to talk to an agent
Req for Human Agent,I have to talk to an agent
Req for Human Agent,I request to talk to an agent
Req for Human Agent,can I talk to an agent
Req for Human Agent,put me through talk to an agent
Req for Human Agent,transfer to an agent
Req for Human Agent,I want to transfer to an agent
Req for Human Agent,I need to transfer to an agent
Req for Human Agent,I have to transfer to an agent
Req for Human Agent,I request to transfer to an agent
Req for Human Agent,can I transfer to an agent
Req for Human Agent,put me through transfer to an agent
Req for Human Agent,transfer me to an agent
Req for Human Agent,I want to transfer me to an agent
Req for Human Agent,I need to transfer me to an agent
Req for Human Agent,I have to transfer me to an agent
Req for Human Agent,I request to transfer me to an agent
Req for Human Agent,can I transfer me to an agent
Req for Human Agent,put me through transfer me to an agent
Req for Human Agent,talk to someone now
Req for Human Agent,I want to talk to someone now
Req for Human Agent,I need to talk to someone now
Req for Human Agent,I have to talk to someone now
Req for Human Agent,I request to talk to someone now
Req for Human Agent,can I talk to someone now
Req for Human Agent,put me through talk to someone now
Req for Human Agent,I need help now
Req for Human Agent,I want to I need help now
Req for Human Agent,I need to I need help now
Req for Human Agent,I have to I need help now
Req for Human Agent,I request to I need help now
Req for Human Agent,can I I need help now
Req for Human Agent,put me through I need help now
Req for Human Agent,talk to a person
Req for Human Agent,I want to talk to a person
Req for Human Agent,I need to talk to a person
Req for Human Agent,I have to talk to a person
Req for Human Agent,I request to talk to a person
Req for Human Agent,can I talk to a person
Req for Human Agent,put me through talk to a person
Req for Human Agent,talk to a real person
Req for Human Agent,I want to talk to a real person
Req for Human Agent,I need to talk to a real person
Req for Human Agent,I have to talk to a real person
Req for Human Agent,I request to talk to a real person
Req for Human Agent,can I talk to a real person
Req for Human Agent,put me through talk to a real person
Req for Human Agent,talk to a human
Req for Human Agent,I want to talk to a human
Req for Human Agent,I need to talk to a human
Req for Human Agent,I have to talk to a human
Req for Human Agent,I request to talk to a human
Req for Human Agent,can I talk to a human
Req for Human Agent,put me through talk to a human
